UNILEVER,NESTLE ,DIAGEO
ALL OTHER BAKING MIXES,ALL OTHER BAKING MIXES,ALL OTHER DRIED MEAT SNACKS
ALL OTHER DRY SEASONING MIXES,ALL OTHER CRACKERS,DOMESTIC BEER_ALE _INC NON_ALCOHOLIC_
ALL OTHER SS ASIAN SAUCE_MARINADE,ALL OTHER DRY SEASONING MIXES,DOMESTIC TABLE_STILL WINE
BOUILLON,ALL OTHER MEXICAN SAUCE_MARINADE,IMPORTED BEER_ALE _INC NON_ALCOHOLIC_
CAKE_CUPCAKE_PIE MIXES,ALL OTHER SNACK_GRANOLA BARS,IMPORTED TABLE_STILL WINE
CHOCOLATE CANDY BOX_BAG_BAR < 3_5OZ,ALL OTHER SS ASIAN SAUCE_MARINADE,JERKY
CHOCOLATE CANDY BOX_BAG_BAR > 3_5OZ,APPLESAUCE_FRUIT SAUCE,LIQUID COCKTAIL MIXES
CHOCOLATE MILK FLAVORING,ASEPTIC JUICES,PREMIXED COCKTAILS_COOLERS
CHUTNEY,BABY ELECTROLYTES _ RTD,SHERRY_VERMOUTH_CHAMPAGNE
CONDENSED WET SOUP,BABY FOOD_SNACKS,SPIRITS
COOKING STARCHES_RENNET,BABY FORMULA _ POWDER,SPICE_SEASONING _ NO SALT_PEPPER
DIP _ SS,BABY FORMULA _ RTD,
DRY BROTH_STOCK,BABY FORMULA LIQUID CONCENTRATE,
DRY DINNER MIXES _ADD MEAT_,BABY JUICE,
DRY GRAVY MIXES,BOUILLON,
DRY MACARONI _ CHEESE MIXES,BREAD MIXES,
DRY MEAT_SEAFOOD SEASONING MIXES,BREADCRUMBS,
DRY RICE,BROWN_POWDER_FLAVORED SUGAR,
DRY RICE MIXES,BROWNIE MIXES,
DRY SALAD_SIDE DISH MIXES,CAKE_CUPCAKE_PIE MIXES,
DRY SAUCE MIXES,CAKES _NO SNACK_COFFEE CAKES_,
DRY SOUP,CANDY MAKING MIX_KIT_MOLD,
DRY_RFG YEAST,CANNED AND BOTTLED TEA,
FLAVORED HOT DRINK MIXES,CANNED AND BOTTLED TOMATOES,
FLOUR,CANNED JUICE DRINKS,
FZ COOKIE DOUGH,CAPPUCCINO_ICED COFFEE,
FZ ICE CREAM_ICE MILK DESSERTS,CAROB_YOGURT COATED SNACKS,
FZ NOVELTIES,CHEESE SNACKS,
FZ YOGURT_TOFU,CHILI_HOT DOG SAUCE,
GELATIN DESSERT MIXES,CHIPS_BAKING CHOCOLATE_COCOA,
GROUND COFFEE,CHOCOLATE CANDY BOX_BAG_BAR < 3_5OZ,
HORSERADISH_HORSERADISH SAUCE,CHOCOLATE CANDY BOX_BAG_BAR > 3_5OZ,
HORSERADISH_HORSERADISH SAUCE,CHOCOLATE COVERED SALTED SNACK,
HOT_CAJUN SAUCE,CHOCOLATE MILK FLAVORING,
ICE CREAM,CHOCOLATE SYRUP_DESSERT TOPPINGS,
ICE MLK_FZ DAIRY DESSERT,COFFEE CAKE_GINGERBREAD_PASTRY MIXES,
INSTANT COFFEE,COFFEE CONCENTRATE,
INSTANT TEA MIXES,COFFEE CREAMER _ SS,
KETCHUP,CONVENIENCE_PET STILL WATER,
KETCHUP_MUSTARD COMBINATIONS,CONVENIENCE_PET STILL WATER,
LIQUID GRAVY,COOKIE_COOKIE BAR MIXES,
MARGARINE_SPREADS,COOKIES,
MAYONNAISE_SANDWICH SPREAD,COOKING STARCHES_RENNET,
MEAT SAUCE_MARINADE_GLAZE,CORN SNACKS _NO TORTILLA CHIPS_,
MUSTARD,CROUTONS _NO STUFFING CROUTONS_,
NON CHOCOLATE CHEWY CANDY,DAIRY SAUCE_CHEESE SAUCE,
NON CHOCOLATE MILK FLAVORING MIXES,DOMESTIC BEER_ALE _INC NON_ALCOHOLIC_,
NOODLES,DRIED BEANS_GRAINS,
OLIVE OIL,DRY BROTH_STOCK,
PICKLES,DRY GRAVY MIXES,
PLU SOFT DRINKS,DRY MACARONI _ CHEESE MIXES,
POTATO PANCAKE_DUMPLING MIXES,DRY MEAT_SEAFOOD SEASONING MIXES,
PREPARED GELATIN,DRY SALAD_SIDE DISH MIXES,
PUDDING_PIE FILLING_MOUSSE MIXES,DRY SAUCE MIXES,
RAMEN,DRY SOUP,
READY TO SERVE RICE,EDIBLE CAKE DECORATIONS,
REFRIED BEANS,EVAPORATED_CONDENSED MILK,
RFG POURABLE SALAD DRESSING,EXTRACT_FLAVORING_FOOD COLORING,
RFG PREPARED SALAD_FRUIT_COLESLAW,FLOUR,
RTS WET SOUP,FRUIT FLAVORED SYRUP,
SALAD DRESSING MIXES,FZ A_O PASTA_NOODLES,
SALSA,FZ APPETIZERS_SNACK ROLLS,
SHERBET_SORBET_ICES,FZ BREADED VEGETABLES,
SINGLE CUP TEA,FZ BREAKFAST ENTREES,
SOY SAUCE,FZ BREAKFAST HANDHELD,
SPAGHETTI_ITALIAN SAUCE,FZ COOKIE DOUGH,
SPECIALTY NUT_COCONUT CANDY,FZ DRINK_COCKTAIL DRINK CONCENTRATE,
SS HONEY,FZ FISH_SEAFOOD,
SS INSTANT POTATOES,FZ HANDHELD ENTREES _NON_BREAKFAST_,
SS MICROWAVEABLE PACKAGE DINNER,FZ MEAT _NO POULTRY_,
SS POURABLE SALAD DRESSINGS,FZ NOVELTIES,
SS PREPARED DINNERS_ENTREES,FZ PIES,
TARTAR SAUCE,FZ PIZZA,
TEA _ BAGS_LOOSE,FZ PIZZA KITS_TOPPINGS,
TOMATO SAUCE,FZ POT PIES,
TUNA,FZ PRETZELS,
VINEGAR,FZ RAVIOLI,
WET BROTH_STOCK,FZ SIDE DISHES,
SPICE_SEASONING _ NO SALT_PEPPER,FZ SOUP,
,FZ SWEET GOODS _ NO CHEESECAKES,
,FZ TORTELLINI_TORTELLONI,
,FZ YOGURT_TOFU,
,FZ_RFG MEAT SUBSTITUTES,
,FZ_RFG MEAT SUBSTITUTES,
,FZ_RFG TURKEY_TURKEY SUBSTITUTE,
,GELATIN DESSERT MIXES,
,GIFT BOX CHOCOLATES,
,GRANOLA BARS,
,GROUND COFFEE,
,HARD SUGAR CANDY_PKG _ ROLL CANDY,
,HORSERADISH_HORSERADISH SAUCE,
,HOT CEREAL_OATMEAL,
,HOT COCOA,
,HOT_CAJUN SAUCE,
,ICE CREAM,
,ICE MLK_FZ DAIRY DESSERT,
,INSTANT BREAKFAST,
,INSTANT COFFEE,
,INSTANT DECAFFEINATED COFFEE,
,INSTANT TEA MIXES,
,JERKY,
,JUG_BULK STILL WATER,
,KETCHUP,
,LIQUID FRUIT DRINK MIXES,
,LIQUID GRAVY,
,MATZOH CRACKERS,
,MATZOH MEAL,
,MAYONNAISE_SANDWICH SPREAD,
,MEAT SAUCE_MARINADE_GLAZE,
,MULTI SERVE FZ DINNERS_ENTREES,
,MUSTARD,
,NATURAL CHEESE_SHREDDED,
,NON CHOCOLATE CHEWY CANDY,
,NON CHOCOLATE MILK FLAVORING MIXES,
,NOODLES,
,NOVELTY NON_CHOCOLATE CANDY,
,NUTRITIONAL_INTRINSIC HEALTH VALUE BARS,
,OLIVES,
,OTHER SALTED SNACKS _NO NUTS_,
,PANCAKE_FRENCH TOAST_WAFFLE MIXES,
,PASTRY_DANISH_COFFEE CAKES,
,PEPPERS_PIMENTOS,
,PICKLES,
,PIE_PASTRY FILLING,
,PLAIN MINTS,
,POTATO CHIPS,
,POWDERED MILK,
,PREPARED PUDDING,
,PRETZELS,
,PROCESSED FZ_RFG CHICKEN_CHICKEN SUB,
,PUDDING_PIE FILLING_MOUSSE MIXES,
,READY TO DRINK ALMOND MILK,
,READY TO DRINK ALMOND MILK,
,READY TO DRINK MILK_MILK SUBSTITUTES_ALL OTHER,
,READY TO SERVE RICE,
,READY_TO_DRINK BREAKFAST MEALS,
,READY_TO_EAT CEREAL,
,READY_TO_EAT POPCORN_CARAMEL CORN,
,RFG APPETIZERS_SNACK ROLLS,
,RFG BREAKFAST ENTREES,
,RFG COFFEE CREAMER,
,RFG COOKIE_BROWNIE DOUGH,
,RFG DAIRY CREAM,
,RFG DAIRY HALF _ HALF,
,RFG DINNERS_ENTREES,
,RFG DOUGH _PASTRY_DUMPLING_,
,RFG FLAVORED MILK_EGGNOG_BUTTERMILK,
,RFG FLAVORED SPREADS,
,RFG GRAPE JUICE,
,RFG HANDHELD NON_BREAKFAST ENTREES,
,RFG MILK SUBSTITUTES _ ALL OTHER,
,RFG PASTA_NOODLE,
,RFG POT PIES,
,RFG READY_TO_DRINK COFFEE,
,RFG SAUCE_GRAVY_MARINADE MIXES,
,RFG SLICED LUNCHMEAT,
,RTS WET SOUP,
,SALTINE CRACKERS,
,SEASONAL CHOCOLATE AO SEASONAL CANDY,
,SEASONAL CHOCOLATE CHRISTMAS CANDY,
,SEASONAL CHOCOLATE EASTER CANDY,
,SEASONAL CHOCOLATE HALLOWEEN CANDY,
,SEASONAL CHOCOLATE VALENTINE CANDY,
,SEASONAL NON_CHOCOLATE CHRISTMAS CANDY,
,SEASONAL NON_CHOCOLATE HALLOWEEN CANDY,
,SELTZER_SPARKLING_MINERAL,
,SHERBET_SORBET_ICES,
,SINGLE CUP COFFEE,
,SINGLE CUP TEA,
,SINGLE SERVE FZ DINNERS_ENTREES,
,SOY SAUCE,
,SPAGHETTI_ITALIAN SAUCE,
,SPAGHETTI_MACARONI_PASTA _NO NOODLES_,
,SS ASIAN FOOD ITEMS,
,SS BOTTLED APPLE JUICE,
,SS BOTTLED FRUIT DRINKS,
,SS BOTTLED JUICE AND DRINK SMOOTHIES,
,SS BOTTLED SPARKLING JUICE,
,SS ENERGY DRINKS NON_ASEPTIC,
,SS INSTANT POTATOES,
,SS MICROWAVEABLE PACKAGE DINNER,
,SS NON_FRUIT DRINKS,
,SS PREPARED CHILI,
,SS PREPARED DINNERS_ENTREES,
,SS PREPARED PASTA DISHES,
,SS SNACK_CUPCAKE_BROWNIE,
,TEA _ BAGS_LOOSE,
,TOMATO SAUCE,
,TONIC WATER_CLUB SODA,
,TUNA,
,WET BROTH_STOCK,
,WHOLE COFFEE BEANS,
,SPICE_SEASONING _ NO SALT_PEPPER,
